-- phpMyAdmin SQL Dump
-- version 4.8.3
-- https://www.phpmyadmin.net/
--
-- Host: 127.0.0.1
-- Generation Time: Jun 25, 2019 at 12:54 AM
-- Server version: 10.1.35-MariaDB
-- PHP Version: 7.2.9

SET SQL_MODE = "NO_AUTO_VALUE_ON_ZERO";
SET AUTOCOMMIT = 0;
START TRANSACTION;
SET time_zone = "+00:00";


/*!40101 SET @OLD_CHARACTER_SET_CLIENT=@@CHARACTER_SET_CLIENT */;
/*!40101 SET @OLD_CHARACTER_SET_RESULTS=@@CHARACTER_SET_RESULTS */;
/*!40101 SET @OLD_COLLATION_CONNECTION=@@COLLATION_CONNECTION */;
/*!40101 SET NAMES utf8mb4 */;

--
-- Database: `projects`
--

-- --------------------------------------------------------

--
-- Table structure for table `carts`
--

CREATE TABLE `carts` (
  `id` int(11) NOT NULL,
  `modelNo` int(10) NOT NULL,
  `code` int(11) NOT NULL,
  `user_id` int(11) NOT NULL,
  `IsOrdered` tinyint(1) NOT NULL DEFAULT '0',
  `isReturned` tinyint(5) NOT NULL DEFAULT '0',
  `color` char(5) NOT NULL,
  `size` char(5) NOT NULL,
  `quantity` int(5) NOT NULL DEFAULT '1',
  `created_at` timestamp NOT NULL DEFAULT CURRENT_TIMESTAMP ON UPDATE CURRENT_TIMESTAMP,
  `updated_at` timestamp NOT NULL DEFAULT '0000-00-00 00:00:00',
  `price` float NOT NULL
) ENGINE=InnoDB DEFAULT CHARSET=utf8;

--
-- Dumping data for table `carts`
--

INSERT INTO `carts` (`id`, `modelNo`, `code`, `user_id`, `IsOrdered`, `isReturned`, `color`, `size`, `quantity`, `created_at`, `updated_at`, `price`) VALUES
(13, 20, 4, 37, 1, 0, 'أبيض', 'L', 1, '2019-04-27 04:31:39', '2019-04-26 21:26:03', 300),
(15, 20, 4, 37, 1, 0, 'أبيض', 'XXL', 1, '2019-04-27 04:31:39', '2019-04-26 21:32:54', 300),
(19, 21, 16, 39, 1, 1, 'أبيض', 'XXL', 2, '2019-06-19 09:44:41', '2019-06-16 03:39:52', 100),
(20, 21, 15, 39, 1, 1, 'أسود', 'XXL', 3, '2019-06-19 09:44:41', '2019-06-16 03:39:49', 500),
(21, 21, 15, 39, 1, 1, 'أسود', 'XL', 1, '2019-06-19 23:30:48', '2019-06-16 09:22:24', 500),
(22, 21, 15, 39, 1, 0, 'أحمر', 'M', 1, '2019-06-20 02:44:32', '2019-06-16 09:26:51', 500),
(23, 21, 16, 39, 1, 0, 'أبيض', 'XL', 1, '2019-06-16 12:36:33', '2019-06-16 09:35:52', 100),
(26, 21, 15, 39, 1, 0, 'أسود', 'L', 1, '2019-06-20 04:03:31', '2019-06-20 00:09:04', 500),
(27, 22, 14, 37, 1, 0, 'أسود', 'L', 1, '2019-06-20 03:52:47', '2019-06-20 00:51:19', 600),
(28, 21, 16, 37, 1, 0, 'أبيض', 'XL', 1, '2019-06-20 03:52:47', '2019-06-20 00:51:50', 100),
(29, 21, 16, 37, 1, 0, 'أسود', 'XL', 1, '2019-06-20 08:38:35', '2019-06-20 05:37:10', 100),
(30, 18, 7, 37, 1, 0, 'أبيض', 'XL', 1, '2019-06-20 09:00:17', '2019-06-20 05:42:31', 500),
(31, 22, 14, 37, 1, 0, 'أسود', 'XXL', 1, '2019-06-20 09:00:17', '2019-06-20 05:51:11', 600),
(33, 21, 15, 37, 1, 0, 'أبيض', 'XXL', 1, '2019-06-20 09:02:08', '2019-06-20 06:01:47', 500),
(34, 21, 15, 37, 1, 0, 'أبيض', 'S', 1, '2019-06-20 09:07:53', '2019-06-20 06:07:22', 500),
(35, 21, 15, 37, 1, 0, 'أسود', 'XXL', 1, '2019-06-20 09:10:49', '2019-06-20 06:10:25', 500),
(36, 22, 14, 37, 1, 0, 'أبيض', 'M', 1, '2019-06-20 09:20:44', '2019-06-20 06:20:23', 600),
(37, 21, 16, 37, 1, 0, 'أبيض', 'XXL', 1, '2019-06-20 09:37:15', '2019-06-20 06:36:45', 100),
(38, 22, 14, 37, 1, 0, 'أبيض', 'L', 1, '2019-06-20 09:38:45', '2019-06-20 06:38:14', 600),
(39, 22, 14, 37, 1, 0, 'أزرق', 'S', 1, '2019-06-20 10:00:23', '2019-06-20 07:00:01', 600),
(40, 22, 14, 37, 1, 0, 'أبيض', 'XL', 1, '2019-06-20 10:06:46', '2019-06-20 07:05:49', 600),
(41, 21, 15, 37, 1, 0, 'أسود', 'M', 1, '2019-06-20 10:10:35', '2019-06-20 07:08:55', 500),
(42, 21, 16, 37, 1, 0, 'بني', 'XXL', 1, '2019-06-20 10:23:54', '2019-06-20 07:22:17', 100),
(43, 22, 14, 39, 1, 0, 'أبيض', 'XXL', 1, '2019-06-20 10:28:58', '2019-06-20 07:28:28', 600),
(44, 21, 16, 37, 1, 0, 'بني', 'XL', 1, '2019-06-20 11:32:36', '2019-06-20 07:31:55', 100),
(45, 21, 15, 37, 1, 0, 'أسود', 'XL', 1, '2019-06-20 11:54:27', '2019-06-20 08:53:56', 500),
(46, 21, 15, 37, 1, 0, 'أبيض', 'XL', 1, '2019-06-20 11:56:53', '2019-06-20 08:55:51', 500),
(47, 21, 15, 37, 1, 0, 'أبيض', 'L', 1, '2019-06-20 12:25:17', '2019-06-20 09:24:19', 500),
(48, 21, 15, 37, 1, 0, 'أحمر', 'XXL', 1, '2019-06-20 12:29:57', '2019-06-20 09:29:32', 500),
(49, 21, 15, 37, 1, 0, 'أبيض', 'M', 1, '2019-06-20 12:42:02', '2019-06-20 09:41:38', 500),
(50, 21, 15, 37, 1, 0, 'أحمر', 'L', 1, '2019-06-20 14:02:22', '2019-06-20 11:01:15', 500),
(51, 21, 16, 37, 1, 0, 'أبيض', 'L', 1, '2019-06-20 14:05:38', '2019-06-20 11:04:31', 100),
(52, 20, 4, 37, 1, 0, 'أبيض', 'XL', 1, '2019-06-20 14:05:38', '2019-06-20 11:04:53', 300),
(53, 21, 15, 39, 1, 0, 'أبيض', 'XL', 1, '2019-06-20 15:41:59', '2019-06-20 12:39:50', 500),
(54, 18, 7, 39, 1, 0, 'أبيض', 'XL', 1, '2019-06-20 15:44:47', '2019-06-20 12:44:08', 500),
(55, 18, 7, 39, 1, 0, 'أبيض', 'XL', 1, '2019-06-20 15:44:47', '2019-06-20 12:44:09', 500),
(56, 18, 7, 39, 1, 0, 'أبيض', 'XL', 1, '2019-06-20 15:44:47', '2019-06-20 12:44:09', 500),
(57, 22, 14, 37, 1, 0, 'أبيض', 'XXL', 1, '2019-06-20 16:48:49', '2019-06-20 13:48:05', 600),
(58, 22, 14, 39, 1, 0, 'أسود', 'L', 1, '2019-06-20 22:02:31', '2019-06-20 19:01:32', 600),
(59, 22, 14, 39, 1, 0, 'أسود', 'XL', 1, '2019-06-20 22:11:49', '2019-06-20 19:11:08', 600),
(60, 22, 14, 39, 1, 0, 'أبيض', 'M', 1, '2019-06-20 22:21:57', '2019-06-20 19:20:38', 600),
(61, 22, 14, 39, 1, 0, 'أبيض', 'M', 1, '2019-06-21 08:47:32', '2019-06-20 19:20:38', 600),
(62, 21, 16, 39, 1, 0, 'أسود', 'XXL', 1, '2019-06-21 08:57:03', '2019-06-21 05:46:48', 100),
(63, 18, 7, 39, 1, 0, 'أبيض', 'XXL', 1, '2019-06-21 08:57:03', '2019-06-21 05:56:07', 500);

-- --------------------------------------------------------

--
-- Table structure for table `categories`
--

CREATE TABLE `categories` (
  `categoryNo` int(4) NOT NULL,
  `categoryName` varchar(25) NOT NULL,
  `created_at` timestamp NOT NULL DEFAULT CURRENT_TIMESTAMP,
  `updated_at` timestamp NOT NULL DEFAULT CURRENT_TIMESTAMP,
  `active` tinyint(5) NOT NULL DEFAULT '0'
) ENGINE=InnoDB DEFAULT CHARSET=utf8;

--
-- Dumping data for table `categories`
--

INSERT INTO `categories` (`categoryNo`, `categoryName`, `created_at`, `updated_at`, `active`) VALUES
(17, 'تركى', '2019-06-22 13:48:22', '2019-06-22 12:56:28', 0),
(18, 'خليجى', '2019-03-27 19:47:46', '2019-06-23 18:18:26', 0),
(19, 'مودرن', '2019-06-22 14:01:30', '2019-03-26 18:46:33', 0);

-- --------------------------------------------------------

--
-- Table structure for table `colors`
--

CREATE TABLE `colors` (
  `id` int(11) NOT NULL,
  `code` int(11) NOT NULL,
  `color` varchar(50) NOT NULL,
  `count` int(5) NOT NULL,
  `created_at` timestamp NOT NULL DEFAULT CURRENT_TIMESTAMP,
  `updated_at` timestamp NOT NULL DEFAULT CURRENT_TIMESTAMP
) ENGINE=InnoDB DEFAULT CHARSET=utf8;

--
-- Dumping data for table `colors`
--

INSERT INTO `colors` (`id`, `code`, `color`, `count`, `created_at`, `updated_at`) VALUES
(132, 14, 'أبيض', 100, '2019-06-22 14:42:29', '2019-06-22 14:42:29'),
(133, 14, 'أسود', 100, '2019-06-22 14:42:29', '2019-06-22 14:42:29'),
(134, 14, 'بيج', 100, '2019-06-22 14:42:29', '2019-06-22 14:42:29'),
(138, 15, 'أبيض', 100, '2019-06-22 14:47:17', '2019-06-22 14:47:17'),
(139, 15, 'أسود', 100, '2019-06-22 14:47:17', '2019-06-22 14:47:17'),
(140, 15, 'أحمر', 100, '2019-06-22 14:47:17', '2019-06-22 14:47:17'),
(141, 16, 'أبيض', 5, '2019-06-22 14:52:05', '2019-06-22 14:52:05'),
(142, 16, 'أسود', 5, '2019-06-22 14:52:05', '2019-06-22 14:52:05'),
(143, 16, 'بني', 5, '2019-06-22 14:52:05', '2019-06-22 14:52:05'),
(144, 4, 'أبيض', 10, '2019-06-22 14:55:59', '2019-06-22 14:55:59'),
(145, 4, 'أسود', 10, '2019-06-22 14:55:59', '2019-06-22 14:55:59'),
(146, 4, 'أحمر', 10, '2019-06-22 14:55:59', '2019-06-22 14:55:59'),
(148, 7, 'أسود', 100, '2019-06-22 15:01:22', '2019-06-22 15:01:22'),
(151, 17, 'أبيض', 3, '2019-06-22 15:10:26', '2019-06-22 15:10:26'),
(152, 17, 'أسود', 3, '2019-06-22 15:10:26', '2019-06-22 15:10:26'),
(156, 20, 'أسود', 10, '2019-06-23 11:40:00', '2019-06-23 11:40:00'),
(157, 21, 'أبيض', 50, '2019-06-23 11:44:32', '2019-06-23 11:44:32'),
(158, 21, 'أسود', 50, '2019-06-23 11:44:32', '2019-06-23 11:44:32'),
(162, 22, 'أبيض', 20, '2019-06-23 12:20:13', '2019-06-23 12:20:13');

-- --------------------------------------------------------

--
-- Table structure for table `favorites`
--

CREATE TABLE `favorites` (
  `userId` int(11) NOT NULL,
  `code` int(10) NOT NULL,
  `modelNo` int(10) NOT NULL,
  `created_at` timestamp NOT NULL DEFAULT CURRENT_TIMESTAMP,
  `updated_at` timestamp NOT NULL DEFAULT CURRENT_TIMESTAMP
) ENGINE=InnoDB DEFAULT CHARSET=utf8;

--
-- Dumping data for table `favorites`
--

INSERT INTO `favorites` (`userId`, `code`, `modelNo`, `created_at`, `updated_at`) VALUES
(36, 7, 18, '2019-06-22 19:50:02', '2019-06-22 19:50:02'),
(36, 14, 22, '2019-06-22 19:50:11', '2019-06-22 19:50:11'),
(36, 15, 21, '2019-06-22 19:50:20', '2019-06-22 19:50:20'),
(36, 16, 21, '2019-06-22 19:50:24', '2019-06-22 19:50:24'),
(37, 7, 18, '2019-06-22 06:46:41', '2019-06-22 06:46:41'),
(37, 14, 22, '2019-06-22 07:19:54', '2019-06-22 07:19:54'),
(37, 15, 21, '2019-06-22 06:42:01', '2019-06-22 06:42:01'),
(37, 16, 21, '2019-06-24 09:06:38', '2019-06-24 09:06:38'),
(37, 21, 18, '2019-06-24 05:28:26', '2019-06-24 05:28:26'),
(39, 7, 18, '2019-06-16 04:52:05', '2019-06-16 04:52:05'),
(39, 14, 22, '2019-06-16 04:51:23', '2019-06-16 04:51:23'),
(39, 15, 21, '2019-06-21 12:07:29', '2019-06-21 12:07:29');

-- --------------------------------------------------------

--
-- Table structure for table `feedbacks`
--

CREATE TABLE `feedbacks` (
  `memberId` int(10) NOT NULL,
  `code` int(10) NOT NULL,
  `comment` varchar(255) DEFAULT NULL,
  `points` int(5) DEFAULT '0',
  `created_at` timestamp NOT NULL DEFAULT CURRENT_TIMESTAMP,
  `updated_at` timestamp NOT NULL DEFAULT CURRENT_TIMESTAMP,
  `feedbackId` int(11) NOT NULL
) ENGINE=InnoDB DEFAULT CHARSET=utf8;

--
-- Dumping data for table `feedbacks`
--

INSERT INTO `feedbacks` (`memberId`, `code`, `comment`, `points`, `created_at`, `updated_at`, `feedbackId`) VALUES
(39, 4, NULL, 5, '2019-05-04 14:03:18', '2019-05-04 14:03:18', 112),
(36, 16, '', 0, '2019-06-21 10:31:00', '2019-06-23 13:01:48', 115),
(36, 16, 'fgh', 0, '2019-06-21 10:31:00', '2019-06-21 10:31:00', 116),
(37, 15, NULL, 3, '2019-06-21 14:18:32', '2019-06-21 14:18:32', 117),
(37, 15, NULL, 4, '2019-06-21 14:18:32', '2019-06-21 14:18:32', 118),
(37, 14, NULL, 1, '2019-06-22 10:16:29', '2019-06-22 10:16:29', 119),
(37, 16, NULL, 2, '2019-06-22 12:05:45', '2019-06-22 12:05:45', 120),
(37, 7, NULL, 4, '2019-06-22 12:21:24', '2019-06-22 12:21:24', 121),
(37, 15, 'حسان علق على تعديل', 0, '2019-06-22 09:49:25', '2019-06-22 09:49:25', 122),
(37, 15, 'حسام تانى', 0, '2019-06-22 09:54:34', '2019-06-22 09:54:34', 123),
(39, 15, 'من سلمى احلى تحية', 4, '2019-06-22 09:57:00', '2019-06-22 09:57:00', 124),
(39, 15, 'سلمى تانى', 0, '2019-06-22 09:57:19', '2019-06-22 09:57:19', 125),
(39, 15, 'تست من سلمى', 0, '2019-06-22 09:57:30', '2019-06-22 09:57:30', 126),
(39, 14, 'تست 2 من سلمى', 0, '2019-06-22 09:58:20', '2019-06-22 09:58:20', 127),
(36, 15, NULL, 4, '2019-06-22 22:50:56', '2019-06-22 22:50:56', 128),
(37, 14, '', 0, '2019-06-24 05:44:12', '2019-06-24 05:44:32', 129);

-- --------------------------------------------------------

--
-- Table structure for table `fqs`
--

CREATE TABLE `fqs` (
  `id` int(11) NOT NULL,
  `question` text NOT NULL,
  `answer` text NOT NULL,
  `created_at` timestamp NOT NULL DEFAULT CURRENT_TIMESTAMP,
  `updated_at` timestamp NOT NULL DEFAULT CURRENT_TIMESTAMP
) ENGINE=InnoDB DEFAULT CHARSET=utf8;

--
-- Dumping data for table `fqs`
--

INSERT INTO `fqs` (`id`, `question`, `answer`, `created_at`, `updated_at`) VALUES
(4, 'لم يكن هذا ما اشتريته', 'لا تقلق أبدا حيال هذا و تستطيع ارجاع الطلب أى وقت ونتكلف مصاريف الشحن', '2019-04-21 16:41:45', '2019-06-22 20:10:28'),
(5, 'مضى على الطلب 10 ايام ولم يصل', 'مدة الشحن 15 يوم', '2019-04-21 16:43:40', '2019-06-22 20:15:14'),
(6, 'هل ساستعيد ثمن السلع المعادة', 'نحتفظ بحق خصم رسوم الشحن مع إعادة القيمة المالية المدفوعة للسلعة . ويمكنك استعادة رسوم الشحن للسلع التي يتم إعادتها لأسباب تتعلق بعدم الجودة أو وجود أي عيب فيها', '2019-04-21 16:44:26', '2019-06-22 20:21:15'),
(8, 'كيف أتقدم بشكوى من أحد البائعين', 'يمكنك التواصل  مع خدمة العملاء عبر وسائل التواصل أو تليفونات الشركة أو بريدها الالكترونى', '2019-06-22 20:35:36', '2019-06-22 20:47:06');

-- --------------------------------------------------------

--
-- Table structure for table `imodels`
--

CREATE TABLE `imodels` (
  `modelNo` int(10) NOT NULL,
  `modelName` varchar(30) NOT NULL,
  `active` tinyint(5) NOT NULL DEFAULT '0',
  `categoryNo` int(4) NOT NULL,
  `created_at` timestamp NOT NULL DEFAULT CURRENT_TIMESTAMP,
  `updated_at` timestamp NOT NULL DEFAULT CURRENT_TIMESTAMP
) ENGINE=InnoDB DEFAULT CHARSET=utf8;

--
-- Dumping data for table `imodels`
--

INSERT INTO `imodels` (`modelNo`, `modelName`, `active`, `categoryNo`, `created_at`, `updated_at`) VALUES
(18, 'كلوش', 0, 18, '2019-04-17 07:15:32', '2019-06-23 18:12:32'),
(19, 'كاروهات', 0, 19, '2019-04-17 07:16:06', '2019-06-23 18:12:36'),
(20, 'جيبات', 0, 19, '2019-04-17 07:16:17', '2019-06-23 18:12:39'),
(21, 'بناطيل', 0, 19, '2019-04-17 07:17:03', '2019-06-23 18:12:43'),
(22, 'تونيكات', 0, 17, '2019-06-22 14:30:58', '2019-06-23 18:12:27');

-- --------------------------------------------------------

--
-- Table structure for table `invoices`
--

CREATE TABLE `invoices` (
  `invoiceNo` int(10) NOT NULL,
  `isPaid` tinyint(5) NOT NULL DEFAULT '1',
  `paidDate` datetime DEFAULT NULL,
  `created_at` timestamp NOT NULL DEFAULT CURRENT_TIMESTAMP,
  `updated_at` timestamp NOT NULL DEFAULT CURRENT_TIMESTAMP,
  `orderNo` int(10) NOT NULL
) ENGINE=InnoDB DEFAULT CHARSET=utf8;

-- --------------------------------------------------------

--
-- Table structure for table `itemimages`
--

CREATE TABLE `itemimages` (
  `image_url` varchar(255) NOT NULL,
  `code` int(10) NOT NULL,
  `modelNo` int(10) NOT NULL,
  `imageId` int(11) NOT NULL
) ENGINE=InnoDB DEFAULT CHARSET=utf8;

--
-- Dumping data for table `itemimages`
--

INSERT INTO `itemimages` (`image_url`, `code`, `modelNo`, `imageId`) VALUES
('uploads/items/140autom03.jpg', 14, 22, 43),
('uploads/items/141autom06.jpg', 14, 22, 44),
('uploads/items/150hejab04.jpg', 15, 21, 45),
('uploads/items/151trousers10.jpg', 15, 21, 46),
('uploads/items/160trousers05.jpg', 16, 21, 47),
('uploads/items/161trousers07.jpg', 16, 21, 48),
('uploads/items/162trousers08.jpg', 16, 21, 49),
('uploads/items/163trousers09.jpg', 16, 21, 50),
('uploads/items/40modern02.jpg', 4, 20, 51),
('uploads/items/41skirt01.jpg', 4, 20, 52),
('uploads/items/42skirt02.jpg', 4, 20, 53),
('uploads/items/70abaya03.jpg', 7, 18, 54),
('uploads/items/71slider03.png', 7, 18, 55),
('uploads/items/170celebrate01.jpg', 17, 19, 57),
('uploads/items/171cerlebrate01.jpg', 17, 19, 58),
('uploads/items/200abaya03.jpg', 20, 18, 61),
('uploads/items/210abaya02.jpg', 21, 18, 62),
('uploads/items/211abaya03.jpg', 21, 18, 63),
('uploads/items/220abaya02.jpg', 22, 22, 64),
('uploads/items/221abaya03.jpg', 22, 22, 65);

-- --------------------------------------------------------

--
-- Table structure for table `items`
--

CREATE TABLE `items` (
  `code` int(10) NOT NULL,
  `price` decimal(10,2) NOT NULL,
  `advice` varchar(500) DEFAULT NULL,
  `modelNo` int(10) NOT NULL,
  `created_at` timestamp NOT NULL DEFAULT CURRENT_TIMESTAMP,
  `updated_at` timestamp NOT NULL DEFAULT CURRENT_TIMESTAMP,
  `itemDescription` varchar(255) DEFAULT NULL,
  `wash` varchar(50) DEFAULT NULL,
  `materialType1` varchar(100) DEFAULT NULL,
  `materialRatio1` int(5) DEFAULT NULL,
  `materialType2` varchar(100) DEFAULT 'آخر',
  `materialRatio2` int(5) NOT NULL DEFAULT '0',
  `quantity` int(10) NOT NULL,
  `active` tinyint(5) NOT NULL DEFAULT '0'
) ENGINE=InnoDB DEFAULT CHARSET=utf8;

--
-- Dumping data for table `items`
--

INSERT INTO `items` (`code`, `price`, `advice`, `modelNo`, `created_at`, `updated_at`, `itemDescription`, `wash`, `materialType1`, `materialRatio1`, `materialType2`, `materialRatio2`, `quantity`, `active`) VALUES
(4, '300.00', 'تلبس مع بلوزة صيفى قصيرة ومناسبة لكافة أنواع الاكسسوار والاحذية ويفضل ارتاؤها مع شنطة صغيرة أو متوسطة', 20, '2019-04-18 03:37:42', '2019-06-23 05:24:26', 'جيبة ازهار واسعة', 'غسالة اتوماتيك على البارد', 'حرير', 30, 'مختلفة', 70, 10, 1),
(7, '500.00', 'تلبس صيفا وشتاء   يفضل ارتداء شنطة بنية كبيرة وحذاء جلدى بنى كعب متوسط او عالى', 18, '2019-05-16 19:33:19', '2019-05-16 19:33:19', 'عباية  سوداء مطرزة الوان', 'غسالة اتوماتيك', 'فسكوز', 80, 'بوليستر', 20, 100, 0),
(14, '600.00', 'يفضل ارتداؤه  مع حذاء رياضى وشنطة كاجيوال وحجاب مودرن', 22, '2019-06-09 20:52:54', '2019-06-09 20:52:54', 'تونيك خريفى سادة', 'غسالة اوتوماتيك', 'قطن', 95, 'آخر', 5, 100, 0),
(15, '500.00', 'مناسب جدا للجامعة والسياحة والحياة العملية \r\nمناسب مع حذاء جلد كاجيوال او حذاء رياضة وشنطة صغيرة', 21, '2019-06-13 03:46:48', '2019-06-13 03:46:48', 'بنطلون مودرن مع شميز طويل', 'غسالة اوتوماتيك', 'قطن', 80, 'بولستر', 10, 100, 0),
(16, '100.00', 'رياضى جدا وعملى يصلح ارتداء  كافة انواع الاحذية معه وكذلك كافة انواع الشنط', 21, '2019-06-13 04:02:52', '2019-06-13 04:02:52', 'بنطلون قصير بلوزة  متوسطة الطول', 'غسالة اتوماتيك', 'قطن', 70, 'مختلفة', 30, 5, 0),
(17, '222.00', '3', 19, '2019-06-22 12:09:50', '2019-06-23 05:51:14', 'تست', '3', '3', 3, '3', 3, 3, 1),
(20, '10.00', 'تونيك تونيك تونيك تونيك تونيك', 18, '2019-06-23 07:01:32', '2019-06-23 12:40:28', 'تونيك  تونيك', 'اربعة', 'تونيك', 90, 'تونيك', 10, 10, 1),
(21, '50.00', 'تصيحة المصمم تانى واف', 18, '2019-06-23 08:44:32', '2019-06-23 08:44:32', 'كلوش موال', 'يدوى', 'نوع', 80, NULL, 0, 50, 0),
(22, '20.00', 'للللللللللللللللللللللللللللللللللللللل', 22, '2019-06-23 09:01:22', '2019-06-23 09:01:22', 'لللللللللللللللللللللللللللللللللللل', 'لللللل', 'يييي', 56, 'اخر', 1, 20, 0);

-- --------------------------------------------------------

--
-- Table structure for table `items_orders`
--

CREATE TABLE `items_orders` (
  `code` int(10) NOT NULL,
  `modelNo` int(10) NOT NULL,
  `orderNo` int(10) NOT NULL,
  `quantity` int(10) NOT NULL
) ENGINE=InnoDB DEFAULT CHARSET=utf8;

-- --------------------------------------------------------

--
-- Table structure for table `migrations`
--

CREATE TABLE `migrations` (
  `id` int(10) UNSIGNED NOT NULL,
  `migration` varchar(255) COLLATE utf8mb4_unicode_ci NOT NULL,
  `batch` int(11) NOT NULL
) ENGINE=InnoDB DEFAULT CHARSET=utf8mb4 COLLATE=utf8mb4_unicode_ci;

-- --------------------------------------------------------

--
-- Table structure for table `names`
--

CREATE TABLE `names` (
  `nameId` int(5) NOT NULL,
  `nameSale` varchar(255) NOT NULL,
  `created_at` timestamp NOT NULL DEFAULT CURRENT_TIMESTAMP,
  `updated_at` timestamp NOT NULL DEFAULT CURRENT_TIMESTAMP
) ENGINE=InnoDB DEFAULT CHARSET=utf8;

--
-- Dumping data for table `names`
--

INSERT INTO `names` (`nameId`, `nameSale`, `created_at`, `updated_at`) VALUES
(1, 'الصيف', '2019-05-26 22:32:14', '2019-05-26 22:32:14'),
(2, 'الشتاء', '2019-05-26 22:32:14', '2019-05-26 22:32:14'),
(3, 'الخريف', '2019-05-26 22:33:28', '2019-05-26 22:33:28'),
(4, 'الربيع', '2019-05-26 22:33:28', '2019-05-26 22:33:28'),
(5, 'يناير', '2019-05-26 22:48:33', '2019-05-26 22:48:33'),
(6, 'فبراير', '2019-05-26 22:48:33', '2019-05-26 22:48:33'),
(7, 'مارس', '2019-05-26 22:48:33', '2019-05-26 22:48:33'),
(8, 'أبريل', '2019-05-26 22:48:33', '2019-05-26 22:48:33'),
(9, 'مايو', '2019-05-26 22:48:33', '2019-05-26 22:48:33'),
(10, 'يونية ', '2019-05-26 22:48:33', '2019-05-26 22:48:33'),
(11, 'يوليو', '2019-05-26 22:48:33', '2019-05-26 22:48:33'),
(12, 'أغسطس', '2019-05-26 22:48:33', '2019-05-26 22:48:33'),
(13, 'سبتمبر', '2019-05-26 22:48:33', '2019-05-26 22:48:33'),
(14, 'أكتوبر', '2019-05-26 22:48:33', '2019-05-26 22:48:33'),
(15, 'نوفمبر', '2019-05-26 22:48:33', '2019-05-26 22:48:33'),
(16, 'ديسمبر', '2019-05-26 22:49:00', '2019-05-26 22:49:00');

-- --------------------------------------------------------

--
-- Table structure for table `orders`
--

CREATE TABLE `orders` (
  `orderNo` int(11) NOT NULL,
  `isReturned` tinyint(1) NOT NULL DEFAULT '0',
  `status` tinyint(1) NOT NULL DEFAULT '0',
  `created_at` timestamp NOT NULL DEFAULT CURRENT_TIMESTAMP,
  `updated_at` timestamp NOT NULL DEFAULT CURRENT_TIMESTAMP,
  `user_id` int(11) NOT NULL,
  `cart_id` varchar(255) NOT NULL,
  `shipperNo` int(10) NOT NULL DEFAULT '1'
) ENGINE=InnoDB DEFAULT CHARSET=utf8;

--
-- Dumping data for table `orders`
--

INSERT INTO `orders` (`orderNo`, `isReturned`, `status`, `created_at`, `updated_at`, `user_id`, `cart_id`, `shipperNo`) VALUES
(20, 1, 2, '2019-06-16 09:00:16', '2019-06-16 09:00:16', 39, '[19,20]', 40),
(21, 0, 1, '2019-06-16 09:23:27', '2019-06-16 09:23:27', 39, '[21]', 40),
(22, 0, 2, '2019-06-16 09:27:36', '2019-06-16 09:27:36', 39, '[22]', 40),
(25, 0, 0, '2019-06-20 00:52:47', '2019-06-20 00:52:47', 37, '[27,28]', 1),
(26, 0, 0, '2019-06-20 05:38:35', '2019-06-20 05:38:35', 37, '[29]', 1),
(27, 0, 0, '2019-06-20 05:39:57', '2019-06-20 05:39:57', 37, '[]', 1),
(28, 0, 0, '2019-06-20 06:00:17', '2019-06-20 06:00:17', 37, '[30,31]', 1),
(29, 0, 0, '2019-06-20 06:02:07', '2019-06-20 06:02:07', 37, '[33]', 1),
(30, 0, 0, '2019-06-20 06:02:07', '2019-06-20 06:02:07', 37, '[33]', 1),
(31, 0, 0, '2019-06-20 06:07:53', '2019-06-20 06:07:53', 37, '[34]', 1),
(32, 0, 0, '2019-06-20 06:10:49', '2019-06-20 06:10:49', 37, '[35]', 1),
(33, 0, 0, '2019-06-20 06:17:06', '2019-06-20 06:17:06', 37, '[]', 1),
(34, 0, 0, '2019-06-20 06:17:46', '2019-06-20 06:17:46', 37, '[]', 1),
(35, 0, 0, '2019-06-20 06:18:56', '2019-06-20 06:18:56', 37, '[]', 1),
(36, 0, 0, '2019-06-20 06:19:49', '2019-06-20 06:19:49', 37, '[]', 1),
(37, 0, 0, '2019-06-20 06:19:55', '2019-06-20 06:19:55', 37, '[]', 1),
(38, 0, 0, '2019-06-20 06:20:44', '2019-06-20 06:20:44', 37, '[36]', 1),
(39, 0, 0, '2019-06-20 06:21:41', '2019-06-20 06:21:41', 37, '[]', 1),
(40, 0, 0, '2019-06-20 06:22:45', '2019-06-20 06:22:45', 37, '[]', 1),
(41, 0, 0, '2019-06-20 06:25:16', '2019-06-20 06:25:16', 37, '[]', 1),
(42, 0, 0, '2019-06-20 06:28:54', '2019-06-20 06:28:54', 37, '[]', 1),
(43, 0, 0, '2019-06-20 06:32:11', '2019-06-20 06:32:11', 37, '[]', 1),
(44, 0, 0, '2019-06-20 06:32:57', '2019-06-20 06:32:57', 37, '[]', 1),
(45, 0, 0, '2019-06-20 06:34:27', '2019-06-20 06:34:27', 37, '[]', 1),
(46, 0, 0, '2019-06-20 06:35:26', '2019-06-20 06:35:26', 37, '[]', 1),
(47, 0, 0, '2019-06-20 06:36:05', '2019-06-20 06:36:05', 37, '[]', 1),
(48, 0, 0, '2019-06-20 06:37:15', '2019-06-20 06:37:15', 37, '[37]', 1),
(49, 0, 0, '2019-06-20 06:38:45', '2019-06-20 06:38:45', 37, '[38]', 1),
(50, 0, 0, '2019-06-20 06:40:56', '2019-06-20 06:40:56', 37, '[]', 1),
(51, 0, 0, '2019-06-20 06:41:49', '2019-06-20 06:41:49', 37, '[]', 1),
(52, 0, 0, '2019-06-20 06:42:55', '2019-06-20 06:42:55', 37, '[]', 1),
(53, 0, 0, '2019-06-20 06:43:44', '2019-06-20 06:43:44', 37, '[]', 1),
(54, 0, 0, '2019-06-20 06:46:39', '2019-06-20 06:46:39', 37, '[]', 1),
(55, 0, 0, '2019-06-20 06:47:00', '2019-06-20 06:47:00', 37, '[]', 1),
(56, 0, 0, '2019-06-20 06:51:11', '2019-06-20 06:51:11', 37, '[]', 1),
(57, 0, 0, '2019-06-20 06:51:36', '2019-06-20 06:51:36', 37, '[]', 1),
(58, 0, 0, '2019-06-20 06:55:23', '2019-06-20 06:55:23', 37, '[]', 1),
(59, 0, 0, '2019-06-20 07:00:23', '2019-06-20 07:00:23', 37, '[39]', 1),
(60, 0, 0, '2019-06-20 07:00:40', '2019-06-20 07:00:40', 37, '[]', 1),
(61, 0, 0, '2019-06-20 07:06:46', '2019-06-20 07:06:46', 37, '[40]', 1),
(62, 0, 0, '2019-06-20 07:06:46', '2019-06-20 07:06:46', 37, '[40]', 1),
(63, 0, 0, '2019-06-20 07:10:35', '2019-06-20 07:10:35', 37, '[41]', 1),
(64, 0, 0, '2019-06-20 07:23:54', '2019-06-20 07:23:54', 37, '[42]', 1),
(65, 0, 0, '2019-06-20 07:28:58', '2019-06-20 07:28:58', 39, '[43]', 1),
(66, 0, 0, '2019-06-20 08:32:35', '2019-06-20 08:32:35', 37, '[44]', 1),
(67, 0, 0, '2019-06-20 08:32:59', '2019-06-20 08:32:59', 37, '[]', 1),
(68, 0, 0, '2019-06-20 08:38:56', '2019-06-20 08:38:56', 37, '[]', 1),
(69, 0, 0, '2019-06-20 08:41:37', '2019-06-20 08:41:37', 37, '[]', 1),
(70, 0, 0, '2019-06-20 08:42:34', '2019-06-20 08:42:34', 37, '[]', 1),
(71, 0, 0, '2019-06-20 08:44:03', '2019-06-20 08:44:03', 37, '[]', 1),
(72, 0, 0, '2019-06-20 08:46:52', '2019-06-20 08:46:52', 37, '[]', 1),
(73, 0, 0, '2019-06-20 08:50:08', '2019-06-20 08:50:08', 37, '[]', 1),
(74, 0, 0, '2019-06-20 08:51:26', '2019-06-20 08:51:26', 37, '[]', 1),
(75, 0, 0, '2019-06-20 08:54:27', '2019-06-20 08:54:27', 37, '[45]', 1),
(76, 0, 0, '2019-06-20 08:54:42', '2019-06-20 08:54:42', 37, '[]', 1),
(77, 0, 0, '2019-06-20 08:55:23', '2019-06-20 08:55:23', 37, '[]', 1),
(78, 0, 0, '2019-06-20 08:56:53', '2019-06-20 08:56:53', 37, '[46]', 1),
(79, 0, 0, '2019-06-20 09:05:13', '2019-06-20 09:05:13', 37, '[]', 1),
(80, 0, 0, '2019-06-20 09:05:45', '2019-06-20 09:05:45', 37, '[]', 1),
(81, 0, 0, '2019-06-20 09:06:20', '2019-06-20 09:06:20', 37, '[]', 1),
(84, 0, 0, '2019-06-20 09:25:17', '2019-06-20 09:25:17', 37, '[47]', 1),
(85, 0, 0, '2019-06-20 09:27:54', '2019-06-20 09:27:54', 37, '[]', 1),
(86, 0, 0, '2019-06-20 09:29:56', '2019-06-20 09:29:56', 37, '[48]', 1),
(87, 0, 0, '2019-06-20 09:34:22', '2019-06-20 09:34:22', 37, '[]', 1),
(88, 0, 0, '2019-06-20 09:34:57', '2019-06-20 09:34:57', 37, '[]', 1),
(89, 0, 0, '2019-06-20 09:42:02', '2019-06-20 09:42:02', 37, '[49]', 1),
(91, 0, 0, '2019-06-20 11:02:21', '2019-06-20 11:02:21', 37, '[50]', 1),
(92, 0, 0, '2019-06-20 11:05:38', '2019-06-20 11:05:38', 37, '[51,52]', 1),
(93, 0, 0, '2019-06-20 12:41:59', '2019-06-20 12:41:59', 39, '[53]', 1),
(94, 0, 0, '2019-06-20 12:44:47', '2019-06-20 12:44:47', 39, '[54,55,56]', 1),
(95, 0, 0, '2019-06-20 13:48:49', '2019-06-20 13:48:49', 37, '[57]', 1),
(96, 0, 0, '2019-06-20 19:02:31', '2019-06-20 19:02:31', 39, '[58]', 1),
(97, 0, 0, '2019-06-20 19:02:31', '2019-06-20 19:02:31', 39, '[58]', 1),
(98, 0, 0, '2019-06-20 19:11:49', '2019-06-20 19:11:49', 39, '[59]', 1),
(99, 0, 0, '2019-06-20 19:11:49', '2019-06-20 19:11:49', 39, '[59]', 1),
(103, 0, 0, '2019-06-20 19:21:57', '2019-06-20 19:21:57', 39, '[60,61]', 1),
(104, 0, 0, '2019-06-21 05:47:32', '2019-06-21 05:47:32', 39, '[61,62]', 1),
(105, 0, 0, '2019-06-21 05:57:03', '2019-06-21 05:57:03', 39, '[62,63]', 1);

-- --------------------------------------------------------

--
-- Table structure for table `sales`
--

CREATE TABLE `sales` (
  `saleNo` int(10) NOT NULL,
  `startDate` varchar(255) NOT NULL,
  `endDate` varchar(255) NOT NULL,
  `percentageValue` tinyint(2) NOT NULL,
  `created_at` timestamp NOT NULL DEFAULT CURRENT_TIMESTAMP,
  `updated_at` timestamp NOT NULL DEFAULT CURRENT_TIMESTAMP,
  `itemsINsale` varchar(255) NOT NULL
) ENGINE=InnoDB DEFAULT CHARSET=utf8;

--
-- Dumping data for table `sales`
--

INSERT INTO `sales` (`saleNo`, `startDate`, `endDate`, `percentageValue`, `created_at`, `updated_at`, `itemsINsale`) VALUES
(20, '2019-06-21', '2019-06-24', 10, '2019-06-21 06:21:40', '2019-06-21 06:21:40', '[\"7\"]'),
(24, '2019-06-21', '2019-06-24', 30, '2019-06-21 06:23:22', '2019-06-21 06:23:22', '[\"15\",\"16\"]');

-- --------------------------------------------------------

--
-- Table structure for table `settings`
--

CREATE TABLE `settings` (
  `settingId` int(11) NOT NULL,
  `settingName` text NOT NULL,
  `settingContent` longtext NOT NULL,
  `created_at` timestamp NOT NULL DEFAULT CURRENT_TIMESTAMP,
  `updated_at` timestamp NOT NULL DEFAULT CURRENT_TIMESTAMP
) ENGINE=InnoDB DEFAULT CHARSET=utf8;

--
-- Dumping data for table `settings`
--

INSERT INTO `settings` (`settingId`, `settingName`, `settingContent`, `created_at`, `updated_at`) VALUES
(1, 'facebookURL', 'https://www.facebook.com/groups/231039481008010/', '2019-04-23 11:46:37', '2019-05-26 23:13:43'),
(2, 'twitterURL', 'https://twitter.com/globaldevgate?lang=en', '2019-04-23 11:46:37', '0000-00-00 00:00:00'),
(3, 'googlePlusURL', 'https://twitter.com/googleplus?lang=en', '2019-04-23 11:47:48', '0000-00-00 00:00:00'),
(4, 'youTubeURL', 'https://www.youtube.com/user/AdelSabour', '2019-04-23 11:47:48', '0000-00-00 00:00:00'),
(5, 'sitePhone1', '011123456789', '2019-05-26 22:00:15', '2019-05-26 22:00:15'),
(6, 'sitePhone2', '010123456789', '2019-05-26 22:00:15', '2019-05-26 22:00:15'),
(7, 'Email', 'ghadasuqr6@gmail.com', '2019-05-26 22:03:38', '2019-05-26 22:03:38'),
(8, 'SaleName', 'الصيف', '2019-05-26 22:03:38', '2019-05-26 22:03:38'),
(9, 'sitePhone3', '001123456789', '2019-05-26 22:04:25', '2019-05-26 22:04:25');

-- --------------------------------------------------------

--
-- Table structure for table `shippers`
--

CREATE TABLE `shippers` (
  `shipperNo` int(10) NOT NULL,
  `companyName` varchar(255) NOT NULL,
  `contactPhone` char(12) NOT NULL,
  `shippingCost` decimal(3,2) NOT NULL,
  `shipperName` varchar(50) NOT NULL,
  `shipperPassword` varchar(50) NOT NULL
) ENGINE=InnoDB DEFAULT CHARSET=utf8;

--
-- Dumping data for table `shippers`
--

INSERT INTO `shippers` (`shipperNo`, `companyName`, `contactPhone`, `shippingCost`, `shipperName`, `shipperPassword`) VALUES
(1, 'misk', '000111222333', '9.99', 'ghada suqr', 'ghada suqr');

-- --------------------------------------------------------

--
-- Table structure for table `shippinginfos`
--

CREATE TABLE `shippinginfos` (
  `infoNo` int(11) NOT NULL,
  `userId` int(11) NOT NULL,
  `orderNo` int(11) NOT NULL,
  `receiverName` varchar(255) NOT NULL,
  `receiverPhone` char(12) NOT NULL,
  `country` varchar(100) NOT NULL,
  `city` varchar(100) NOT NULL,
  `town` varchar(100) NOT NULL,
  `address` varchar(300) NOT NULL,
  `created_at` timestamp NOT NULL DEFAULT CURRENT_TIMESTAMP,
  `updated_at` timestamp NOT NULL DEFAULT CURRENT_TIMESTAMP
) ENGINE=InnoDB DEFAULT CHARSET=utf8;

--
-- Dumping data for table `shippinginfos`
--

INSERT INTO `shippinginfos` (`infoNo`, `userId`, `orderNo`, `receiverName`, `receiverPhone`, `country`, `city`, `town`, `address`, `created_at`, `updated_at`) VALUES
(8, 39, 20, 'سلمى', '000123456789', 'مصر', 'كفر', 'كفر', 'شالرع النبوى', '2019-06-16 09:00:16', '2019-06-16 09:00:16'),
(9, 39, 21, 'غادة', '000123456789', 'مصر', 'كفر الشيخ', 'كفر الشيخ', 'شارع النبوى والمهندس بجوار مكتبة النجاح خلف بقالة دعاء', '2019-06-16 09:23:27', '2019-06-16 09:23:27'),
(10, 39, 22, 'حسام', '000123456789', 'مصر', 'الاسكندرية', 'بولكلى', 'بولكلى بجوار مستشفى الرعاية', '2019-06-16 09:27:36', '2019-06-16 09:27:36'),
(13, 37, 25, 'pshl', '000123456789', 'حسام', 'حسام', 'حسام', 'حسام كامل', '2019-06-20 00:52:47', '2019-06-20 00:52:47'),
(14, 37, 26, 'غادة', '000123456789', 'مصر', 'سيسالم', 'كفر الشيخ', 'العنوان كامل', '2019-06-20 05:38:35', '2019-06-20 05:38:35'),
(15, 37, 27, 'غادة', '000123456789', 'مصر', 'سيسالم', 'كفر الشيخ', 'العنوان كامل', '2019-06-20 05:39:57', '2019-06-20 05:39:57'),
(16, 37, 28, 'سسس', '123456789012', 'سسس', 'سسسس', 'سسس', 'سسسسس سسس', '2019-06-20 06:00:17', '2019-06-20 06:00:17'),
(17, 37, 30, 'سسس', '123456789012', 'سسس', 'سسس', 'سسس', 'سسس ييي', '2019-06-20 06:02:07', '2019-06-20 06:02:07'),
(18, 37, 29, 'سسس', '123456789012', 'سسس', 'سسس', 'سسس', 'سسس ييي', '2019-06-20 06:02:07', '2019-06-20 06:02:07'),
(19, 37, 31, 'يييي', '1234567890', 'سسسس', 'سسسسس', 'سسسسسس', 'يب يبب يييييي', '2019-06-20 06:07:53', '2019-06-20 06:07:53'),
(20, 37, 32, 'سسس', '123456789012', 'شسي', 'ضصث', 'شسي', 'ضصثق سيب', '2019-06-20 06:10:49', '2019-06-20 06:10:49'),
(21, 37, 33, 'سسس', '123456789012', 'شسي', 'ضصث', 'شسي', 'ضصثق سيب', '2019-06-20 06:17:06', '2019-06-20 06:17:06'),
(22, 37, 34, 'سسس', '123456789012', 'شسي', 'ضصث', 'شسي', 'ضصثق سيب', '2019-06-20 06:17:46', '2019-06-20 06:17:46'),
(23, 37, 35, 'سسس', '123456789012', 'شسي', 'ضصث', 'شسي', 'ضصثق سيب', '2019-06-20 06:18:56', '2019-06-20 06:18:56'),
(24, 37, 36, 'سسس', '123456789012', 'شسي', 'ضصث', 'شسي', 'ضصثق سيب', '2019-06-20 06:19:49', '2019-06-20 06:19:49'),
(25, 37, 37, 'سسس', '123456789012', 'شسي', 'ضصث', 'شسي', 'ضصثق سيب', '2019-06-20 06:19:55', '2019-06-20 06:19:55'),
(26, 37, 38, 'يي', '123456789012', 'ضصس', 'ششش', 'شششش', 'شسي ششسيؤر', '2019-06-20 06:20:44', '2019-06-20 06:20:44'),
(27, 37, 39, 'يي', '123456789012', 'ضصس', 'ششش', 'شششش', 'شسي ششسيؤر', '2019-06-20 06:21:41', '2019-06-20 06:21:41'),
(28, 37, 40, 'يي', '123456789012', 'ضصس', 'ششش', 'شششش', 'شسي ششسيؤر', '2019-06-20 06:22:46', '2019-06-20 06:22:46'),
(29, 37, 41, 'يي', '123456789012', 'ضصس', 'ششش', 'شششش', 'شسي ششسيؤر', '2019-06-20 06:25:16', '2019-06-20 06:25:16'),
(30, 37, 42, 'يي', '123456789012', 'ضصس', 'ششش', 'شششش', 'شسي ششسيؤر', '2019-06-20 06:28:54', '2019-06-20 06:28:54'),
(31, 37, 43, 'يي', '123456789012', 'ضصس', 'ششش', 'شششش', 'شسي ششسيؤر', '2019-06-20 06:32:11', '2019-06-20 06:32:11'),
(32, 37, 44, 'يي', '123456789012', 'ضصس', 'ششش', 'شششش', 'شسي ششسيؤر', '2019-06-20 06:32:57', '2019-06-20 06:32:57'),
(33, 37, 45, 'يي', '123456789012', 'ضصس', 'ششش', 'شششش', 'شسي ششسيؤر', '2019-06-20 06:34:27', '2019-06-20 06:34:27'),
(34, 37, 46, 'يي', '123456789012', 'ضصس', 'ششش', 'شششش', 'شسي ششسيؤر', '2019-06-20 06:35:26', '2019-06-20 06:35:26'),
(35, 37, 47, 'يي', '123456789012', 'ضصس', 'ششش', 'شششش', 'شسي ششسيؤر', '2019-06-20 06:36:05', '2019-06-20 06:36:05'),
(36, 37, 48, 'يييي', '123456789012', 'شسيب', 'شسيب', 'شسيب', 'شسيب شسيب', '2019-06-20 06:37:15', '2019-06-20 06:37:15'),
(37, 37, 49, 'sdf', '456789090321', 'ss', 'asd', 'asd', 'asd asdf asd', '2019-06-20 06:38:45', '2019-06-20 06:38:45'),
(38, 37, 50, 'sdf', '456789090321', 'ss', 'asd', 'asd', 'asd asdf asd', '2019-06-20 06:40:56', '2019-06-20 06:40:56'),
(39, 37, 51, 'sdf', '456789090321', 'ss', 'asd', 'asd', 'asd asdf asd', '2019-06-20 06:41:49', '2019-06-20 06:41:49'),
(40, 37, 52, 'sdf', '456789090321', 'ss', 'asd', 'asd', 'asd asdf asd', '2019-06-20 06:42:55', '2019-06-20 06:42:55'),
(41, 37, 53, 'sdf', '456789090321', 'ss', 'asd', 'asd', 'asd asdf asd', '2019-06-20 06:43:44', '2019-06-20 06:43:44'),
(42, 37, 54, 'sdf', '456789090321', 'ss', 'asd', 'asd', 'asd asdf asd', '2019-06-20 06:46:39', '2019-06-20 06:46:39'),
(43, 37, 55, 'sdf', '456789090321', 'ss', 'asd', 'asd', 'asd asdf asd', '2019-06-20 06:47:00', '2019-06-20 06:47:00'),
(44, 37, 56, 'sdf', '456789090321', 'ss', 'asd', 'asd', 'asd asdf asd', '2019-06-20 06:51:11', '2019-06-20 06:51:11'),
(45, 37, 57, 'sdf', '456789090321', 'ss', 'asd', 'asd', 'asd asdf asd', '2019-06-20 06:51:36', '2019-06-20 06:51:36'),
(46, 37, 58, 'sdf', '456789090321', 'ss', 'asd', 'asd', 'asd asdf asd', '2019-06-20 06:55:23', '2019-06-20 06:55:23'),
(47, 37, 59, 'sss', '123456789009', 'sss', 'sss', 'ssss', 'sssssssss', '2019-06-20 07:00:23', '2019-06-20 07:00:23'),
(48, 37, 60, 'sss', '123456789009', 'sss', 'sss', 'ssss', 'sssssssss', '2019-06-20 07:00:40', '2019-06-20 07:00:40'),
(49, 37, 61, 'dd', '1234567890', 'wer', 'wer', 'wer', 'wer dfgh', '2019-06-20 07:06:46', '2019-06-20 07:06:46'),
(50, 37, 62, 'dd', '1234567890', 'wer', 'wer', 'wer', 'wer dfgh', '2019-06-20 07:06:46', '2019-06-20 07:06:46'),
(51, 37, 63, 'sdf', '1234567890', 'qwe', 'qwer', 'qwer', 'qwer asdf', '2019-06-20 07:10:35', '2019-06-20 07:10:35'),
(52, 37, 64, 'fdre', '1234567890', 'wsd', 'erf', 'fdgv', 'ert vcdf', '2019-06-20 07:23:54', '2019-06-20 07:23:54'),
(53, 39, 65, 'sdff', '123456789090', 'asdf', 'qwer', 'asdf', 'asdsf asdf', '2019-06-20 07:28:58', '2019-06-20 07:28:58'),
(54, 37, 66, 'jsj', '123456789', 'ghfh', 'ghjk', 'hgff', 'hgf fdss', '2019-06-20 08:32:35', '2019-06-20 08:32:35'),
(55, 37, 67, 'jsj', '123456789', 'ghfh', 'ghjk', 'hgff', 'hgf fdss', '2019-06-20 08:32:59', '2019-06-20 08:32:59'),
(56, 37, 68, 'jsj', '123456789', 'ghfh', 'ghjk', 'hgff', 'hgf fdss', '2019-06-20 08:38:56', '2019-06-20 08:38:56'),
(57, 37, 69, 'jsj', '123456789', 'ghfh', 'ghjk', 'hgff', 'hgf fdss', '2019-06-20 08:41:37', '2019-06-20 08:41:37'),
(58, 37, 70, 'jsj', '123456789', 'ghfh', 'ghjk', 'hgff', 'hgf fdss', '2019-06-20 08:42:34', '2019-06-20 08:42:34'),
(59, 37, 71, 'jsj', '123456789', 'ghfh', 'ghjk', 'hgff', 'hgf fdss', '2019-06-20 08:44:04', '2019-06-20 08:44:04'),
(60, 37, 72, 'jsj', '123456789', 'ghfh', 'ghjk', 'hgff', 'hgf fdss', '2019-06-20 08:46:52', '2019-06-20 08:46:52'),
(61, 37, 73, 'jsj', '123456789', 'ghfh', 'ghjk', 'hgff', 'hgf fdss', '2019-06-20 08:50:08', '2019-06-20 08:50:08'),
(62, 37, 74, 'jsj', '123456789', 'ghfh', 'ghjk', 'hgff', 'hgf fdss', '2019-06-20 08:51:26', '2019-06-20 08:51:26'),
(63, 37, 75, 'sdd', '000123456789', 'sdfg', 'sc', 'asd', 'asd vfcd', '2019-06-20 08:54:27', '2019-06-20 08:54:27'),
(64, 37, 76, 'sdd', '000123456789', 'sdfg', 'sc', 'asd', 'asd vfcd', '2019-06-20 08:54:42', '2019-06-20 08:54:42'),
(65, 37, 77, 'sdd', '000123456789', 'sdfg', 'sc', 'asd', 'asd vfcd', '2019-06-20 08:55:23', '2019-06-20 08:55:23'),
(66, 37, 78, 'se', '123456789012', 'asd', 'asd', 'asd', 'asd cdfv', '2019-06-20 08:56:53', '2019-06-20 08:56:53'),
(67, 37, 79, 'se', '123456789012', 'asd', 'asd', 'asd', 'asd cdfv', '2019-06-20 09:05:13', '2019-06-20 09:05:13'),
(68, 37, 80, 'se', '123456789012', 'asd', 'asd', 'asd', 'asd cdfv', '2019-06-20 09:05:45', '2019-06-20 09:05:45'),
(69, 37, 81, 'se', '123456789012', 'asd', 'asd', 'asd', 'asd cdfv', '2019-06-20 09:06:20', '2019-06-20 09:06:20'),
(70, 37, 84, 'df', '123456789012', 'asd', 'asd', 'asd', 'asd dfg', '2019-06-20 09:25:17', '2019-06-20 09:25:17'),
(71, 37, 85, 'df', '123456789012', 'asd', 'asd', 'asd', 'asd dfg', '2019-06-20 09:27:54', '2019-06-20 09:27:54'),
(72, 37, 86, 'sd', '000123456789', 'dcf', 'ffff', 'ffff', 'fffff vfgb', '2019-06-20 09:29:57', '2019-06-20 09:29:57'),
(73, 37, 87, 'sd', '000123456789', 'dcf', 'ffff', 'ffff', 'fffff vfgb', '2019-06-20 09:34:22', '2019-06-20 09:34:22'),
(74, 37, 88, 'sd', '000123456789', 'dcf', 'ffff', 'ffff', 'fffff vfgb', '2019-06-20 09:34:57', '2019-06-20 09:34:57'),
(75, 37, 89, 'sdd', '123456789012', 'asd', 'asd', 'asd', 'qwe cvbnn', '2019-06-20 09:42:02', '2019-06-20 09:42:02'),
(76, 37, 91, 'fff', '123123123123', 'ddd', 'ddd', 'ddd', 'dddddddddddd', '2019-06-20 11:02:22', '2019-06-20 11:02:22'),
(77, 37, 92, 'غادة', '123123123123', 'مصر', 'مدينة', 'مدجينة', 'العنةنان كامل', '2019-06-20 11:05:38', '2019-06-20 11:05:38'),
(78, 39, 93, 'غادة', '000123456789', 'مصر', 'محافظة', 'مدينة', 'عنوان كامل', '2019-06-20 12:41:59', '2019-06-20 12:41:59'),
(79, 39, 94, 'اغدة', '123123123', 'مصر', 'محافظة', 'مديمنة', 'العنوان كامل', '2019-06-20 12:44:47', '2019-06-20 12:44:47'),
(80, 37, 95, 'غادة', '000123456789', 'بلد', 'محافظة', 'مدينة', 'عنوان كامل', '2019-06-20 13:48:49', '2019-06-20 13:48:49'),
(81, 39, 96, 'غادةm', '123123123', 'fgال', 'مدينة', 'مدينة', 'الهنوان كاملا', '2019-06-20 19:02:31', '2019-06-20 19:02:31'),
(82, 39, 97, 'غادةm', '123123123', 'fgال', 'مدينة', 'مدينة', 'الهنوان كاملا', '2019-06-20 19:02:31', '2019-06-20 19:02:31'),
(83, 39, 98, 'غادة', '000123456789', 'بلد', 'محافظة', 'مدينة', 'عنوان كلمل', '2019-06-20 19:11:49', '2019-06-20 19:11:49'),
(84, 39, 99, 'غادة', '000123456789', 'بلد', 'محافظة', 'مدينة', 'عنوان كلمل', '2019-06-20 19:11:49', '2019-06-20 19:11:49'),
(85, 39, 103, 'غادة', '000000000000', 'اااااااا', 'اااااااااااااا', 'ااااااا', 'اااااااااااااااااااااا', '2019-06-20 19:21:57', '2019-06-20 19:21:57'),
(86, 39, 104, 'غادة', '000123456789', 'مصؤ', 'محافظة', 'مدينة', 'عنوان كامل', '2019-06-21 05:47:32', '2019-06-21 05:47:32'),
(87, 39, 105, 'غادة', '000123456789', 'مصر', 'محافظة', 'مدينة', 'العنوان كامل', '2019-06-21 05:57:03', '2019-06-21 05:57:03');

-- --------------------------------------------------------

--
-- Table structure for table `sizes`
--

CREATE TABLE `sizes` (
  `id` int(11) NOT NULL,
  `id_color` int(11) NOT NULL,
  `color` char(5) NOT NULL,
  `size` varchar(50) NOT NULL,
  `count` int(5) NOT NULL,
  `created_at` timestamp NOT NULL DEFAULT CURRENT_TIMESTAMP,
  `updated_at` timestamp NOT NULL DEFAULT CURRENT_TIMESTAMP
) ENGINE=InnoDB DEFAULT CHARSET=utf8;

--
-- Dumping data for table `sizes`
--

INSERT INTO `sizes` (`id`, `id_color`, `color`, `size`, `count`, `created_at`, `updated_at`) VALUES
(627, 132, 'أبيض', 'xxL', 100, '2019-06-22 14:42:29', '2019-06-22 14:42:29'),
(628, 132, 'أبيض', 'XL', 100, '2019-06-22 14:42:29', '2019-06-22 14:42:29'),
(629, 132, 'أبيض', 'L', 100, '2019-06-22 14:42:30', '2019-06-22 14:42:30'),
(630, 132, 'أبيض', 'M', 100, '2019-06-22 14:42:30', '2019-06-22 14:42:30'),
(631, 132, 'أبيض', 'S', 100, '2019-06-22 14:42:30', '2019-06-22 14:42:30'),
(632, 133, 'أسود', 'xxL', 100, '2019-06-22 14:42:30', '2019-06-22 14:42:30'),
(633, 133, 'أسود', 'XL', 100, '2019-06-22 14:42:30', '2019-06-22 14:42:30'),
(634, 133, 'أسود', 'L', 100, '2019-06-22 14:42:31', '2019-06-22 14:42:31'),
(635, 133, 'أسود', 'M', 100, '2019-06-22 14:42:31', '2019-06-22 14:42:31'),
(636, 133, 'أسود', 'S', 100, '2019-06-22 14:42:31', '2019-06-22 14:42:31'),
(637, 134, 'بيج', 'xxL', 100, '2019-06-22 14:42:31', '2019-06-22 14:42:31'),
(638, 134, 'بيج', 'XL', 100, '2019-06-22 14:42:31', '2019-06-22 14:42:31'),
(639, 134, 'بيج', 'L', 100, '2019-06-22 14:42:31', '2019-06-22 14:42:31'),
(640, 134, 'بيج', 'M', 100, '2019-06-22 14:42:31', '2019-06-22 14:42:31'),
(641, 134, 'بيج', 'S', 100, '2019-06-22 14:42:31', '2019-06-22 14:42:31'),
(657, 138, 'أبيض', 'xxL', 100, '2019-06-22 14:47:17', '2019-06-22 14:47:17'),
(658, 138, 'أبيض', 'XL', 100, '2019-06-22 14:47:17', '2019-06-22 14:47:17'),
(659, 138, 'أبيض', 'L', 100, '2019-06-22 14:47:17', '2019-06-22 14:47:17'),
(660, 138, 'أبيض', 'M', 100, '2019-06-22 14:47:17', '2019-06-22 14:47:17'),
(661, 138, 'أبيض', 'S', 100, '2019-06-22 14:47:17', '2019-06-22 14:47:17'),
(662, 139, 'أسود', 'xxL', 100, '2019-06-22 14:47:17', '2019-06-22 14:47:17'),
(663, 139, 'أسود', 'XL', 100, '2019-06-22 14:47:18', '2019-06-22 14:47:18'),
(664, 139, 'أسود', 'L', 100, '2019-06-22 14:47:18', '2019-06-22 14:47:18'),
(665, 139, 'أسود', 'M', 100, '2019-06-22 14:47:18', '2019-06-22 14:47:18'),
(666, 139, 'أسود', 'S', 100, '2019-06-22 14:47:18', '2019-06-22 14:47:18'),
(667, 140, 'أحمر', 'xxL', 100, '2019-06-22 14:47:18', '2019-06-22 14:47:18'),
(668, 140, 'أحمر', 'XL', 100, '2019-06-22 14:47:18', '2019-06-22 14:47:18'),
(669, 140, 'أحمر', 'L', 100, '2019-06-22 14:47:18', '2019-06-22 14:47:18'),
(670, 140, 'أحمر', 'M', 100, '2019-06-22 14:47:18', '2019-06-22 14:47:18'),
(671, 140, 'أحمر', 'S', 100, '2019-06-22 14:47:18', '2019-06-22 14:47:18'),
(672, 141, 'أبيض', 'xxL', 5, '2019-06-22 14:52:05', '2019-06-22 14:52:05'),
(673, 141, 'أبيض', 'XL', 5, '2019-06-22 14:52:05', '2019-06-22 14:52:05'),
(674, 141, 'أبيض', 'L', 5, '2019-06-22 14:52:05', '2019-06-22 14:52:05'),
(675, 141, 'أبيض', 'M', 5, '2019-06-22 14:52:05', '2019-06-22 14:52:05'),
(676, 141, 'أبيض', 'S', 5, '2019-06-22 14:52:05', '2019-06-22 14:52:05'),
(677, 142, 'أسود', 'xxL', 5, '2019-06-22 14:52:05', '2019-06-22 14:52:05'),
(678, 142, 'أسود', 'XL', 5, '2019-06-22 14:52:05', '2019-06-22 14:52:05'),
(679, 142, 'أسود', 'L', 5, '2019-06-22 14:52:05', '2019-06-22 14:52:05'),
(680, 142, 'أسود', 'M', 5, '2019-06-22 14:52:05', '2019-06-22 14:52:05'),
(681, 142, 'أسود', 'S', 5, '2019-06-22 14:52:05', '2019-06-22 14:52:05'),
(682, 143, 'بني', 'xxL', 5, '2019-06-22 14:52:05', '2019-06-22 14:52:05'),
(683, 143, 'بني', 'XL', 5, '2019-06-22 14:52:05', '2019-06-22 14:52:05'),
(684, 143, 'بني', 'L', 5, '2019-06-22 14:52:05', '2019-06-22 14:52:05'),
(685, 143, 'بني', 'M', 5, '2019-06-22 14:52:05', '2019-06-22 14:52:05'),
(686, 143, 'بني', 'S', 5, '2019-06-22 14:52:06', '2019-06-22 14:52:06'),
(687, 144, 'أبيض', 'xxL', 10, '2019-06-22 14:55:59', '2019-06-22 14:55:59'),
(688, 144, 'أبيض', 'XL', 10, '2019-06-22 14:55:59', '2019-06-22 14:55:59'),
(689, 144, 'أبيض', 'L', 10, '2019-06-22 14:55:59', '2019-06-22 14:55:59'),
(690, 144, 'أبيض', 'M', 10, '2019-06-22 14:55:59', '2019-06-22 14:55:59'),
(691, 144, 'أبيض', 'S', 10, '2019-06-22 14:55:59', '2019-06-22 14:55:59'),
(692, 145, 'أسود', 'xxL', 10, '2019-06-22 14:55:59', '2019-06-22 14:55:59'),
(693, 145, 'أسود', 'XL', 10, '2019-06-22 14:55:59', '2019-06-22 14:55:59'),
(694, 145, 'أسود', 'L', 10, '2019-06-22 14:55:59', '2019-06-22 14:55:59'),
(695, 145, 'أسود', 'M', 10, '2019-06-22 14:55:59', '2019-06-22 14:55:59'),
(696, 145, 'أسود', 'S', 10, '2019-06-22 14:55:59', '2019-06-22 14:55:59'),
(697, 146, 'أحمر', 'xxL', 10, '2019-06-22 14:55:59', '2019-06-22 14:55:59'),
(698, 146, 'أحمر', 'XL', 10, '2019-06-22 14:55:59', '2019-06-22 14:55:59'),
(699, 146, 'أحمر', 'L', 10, '2019-06-22 14:55:59', '2019-06-22 14:55:59'),
(700, 146, 'أحمر', 'M', 10, '2019-06-22 14:55:59', '2019-06-22 14:55:59'),
(701, 146, 'أحمر', 'S', 10, '2019-06-22 14:55:59', '2019-06-22 14:55:59'),
(707, 148, 'أسود', 'xxL', 100, '2019-06-22 15:01:22', '2019-06-22 15:01:22'),
(708, 148, 'أسود', 'XL', 100, '2019-06-22 15:01:22', '2019-06-22 15:01:22'),
(709, 148, 'أسود', 'L', 100, '2019-06-22 15:01:22', '2019-06-22 15:01:22'),
(710, 148, 'أسود', 'M', 100, '2019-06-22 15:01:22', '2019-06-22 15:01:22'),
(711, 148, 'أسود', 'S', 100, '2019-06-22 15:01:23', '2019-06-22 15:01:23'),
(722, 151, 'أبيض', 'xxL', 3, '2019-06-22 15:10:27', '2019-06-22 15:10:27'),
(723, 151, 'أبيض', 'XL', 3, '2019-06-22 15:10:27', '2019-06-22 15:10:27'),
(724, 151, 'أبيض', 'L', 3, '2019-06-22 15:10:27', '2019-06-22 15:10:27'),
(725, 151, 'أبيض', 'M', 3, '2019-06-22 15:10:27', '2019-06-22 15:10:27'),
(726, 151, 'أبيض', 'S', 3, '2019-06-22 15:10:27', '2019-06-22 15:10:27'),
(727, 152, 'أسود', 'xxL', 3, '2019-06-22 15:10:27', '2019-06-22 15:10:27'),
(728, 152, 'أسود', 'XL', 3, '2019-06-22 15:10:27', '2019-06-22 15:10:27'),
(729, 152, 'أسود', 'L', 3, '2019-06-22 15:10:27', '2019-06-22 15:10:27'),
(730, 152, 'أسود', 'M', 3, '2019-06-22 15:10:27', '2019-06-22 15:10:27'),
(731, 152, 'أسود', 'S', 3, '2019-06-22 15:10:27', '2019-06-22 15:10:27'),
(747, 156, 'أسود', 'xxL', 10, '2019-06-23 11:40:00', '2019-06-23 11:40:00'),
(748, 156, 'أسود', 'XL', 10, '2019-06-23 11:40:00', '2019-06-23 11:40:00'),
(749, 156, 'أسود', 'L', 10, '2019-06-23 11:40:00', '2019-06-23 11:40:00'),
(750, 156, 'أسود', 'M', 10, '2019-06-23 11:40:00', '2019-06-23 11:40:00'),
(751, 156, 'أسود', 'S', 10, '2019-06-23 11:40:01', '2019-06-23 11:40:01'),
(752, 157, 'أبيض', 'xxL', 50, '2019-06-23 11:44:32', '2019-06-23 11:44:32'),
(753, 157, 'أبيض', 'XL', 50, '2019-06-23 11:44:32', '2019-06-23 11:44:32'),
(754, 157, 'أبيض', 'L', 50, '2019-06-23 11:44:32', '2019-06-23 11:44:32'),
(755, 157, 'أبيض', 'M', 50, '2019-06-23 11:44:32', '2019-06-23 11:44:32'),
(756, 157, 'أبيض', 'S', 50, '2019-06-23 11:44:32', '2019-06-23 11:44:32'),
(757, 158, 'أسود', 'xxL', 50, '2019-06-23 11:44:32', '2019-06-23 11:44:32'),
(758, 158, 'أسود', 'XL', 50, '2019-06-23 11:44:32', '2019-06-23 11:44:32'),
(759, 158, 'أسود', 'L', 50, '2019-06-23 11:44:32', '2019-06-23 11:44:32'),
(760, 158, 'أسود', 'M', 50, '2019-06-23 11:44:32', '2019-06-23 11:44:32'),
(761, 158, 'أسود', 'S', 50, '2019-06-23 11:44:32', '2019-06-23 11:44:32'),
(777, 162, 'أبيض', 'xxL', 20, '2019-06-23 12:20:14', '2019-06-23 12:20:14'),
(778, 162, 'أبيض', 'XL', 20, '2019-06-23 12:20:14', '2019-06-23 12:20:14'),
(779, 162, 'أبيض', 'L', 20, '2019-06-23 12:20:14', '2019-06-23 12:20:14'),
(780, 162, 'أبيض', 'M', 20, '2019-06-23 12:20:14', '2019-06-23 12:20:14'),
(781, 162, 'أبيض', 'S', 20, '2019-06-23 12:20:14', '2019-06-23 12:20:14');

-- --------------------------------------------------------

--
-- Table structure for table `sliders`
--

CREATE TABLE `sliders` (
  `sliderNo` int(11) NOT NULL,
  `sliderImage` varchar(250) NOT NULL,
  `title1` varchar(250) NOT NULL,
  `title2` varchar(250) NOT NULL,
  `content` text NOT NULL,
  `created_at` timestamp NOT NULL DEFAULT CURRENT_TIMESTAMP,
  `updated_at` timestamp NOT NULL DEFAULT CURRENT_TIMESTAMP,
  `sort` int(11) NOT NULL DEFAULT '1',
  `active` char(50) NOT NULL DEFAULT 'نعم'
) ENGINE=InnoDB DEFAULT CHARSET=utf8;

--
-- Dumping data for table `sliders`
--

INSERT INTO `sliders` (`sliderNo`, `sliderImage`, `title1`, `title2`, `content`, `created_at`, `updated_at`, `sort`, `active`) VALUES
(2, 'uploads/slider/2019-06-23-10-51-12.slider01.jpg', 'شركة مسك', 'العنوان الفرعى', 'المجتوى بقى واستغفر الله df', '2019-04-13 19:39:14', '2019-04-13 19:39:14', 3, 'نعم'),
(11, 'uploads/slider/2019-04-23-01-12-35.autom02.jpgjpg', 'ddddddddddd', 'dddddddddddddddddd', 'ddddddddddddddddddddddddd', '2019-04-22 22:12:35', '2019-04-22 22:12:35', 3, 'نعم'),
(12, 'uploads/slider/2019-04-23-01-17-54.abya01.jpg.jpg', 'sssssss', 'sssssssssssssss', 'ssssssssssssssssss', '2019-04-22 22:17:54', '2019-04-22 22:17:54', 2, 'نعم'),
(13, 'uploads/slider/2019-04-23-01-31-47.dress03.png', 'sssssss', 'sssssssssssssss', 'dddddddddddddddddddd', '2019-04-22 22:17:54', '2019-04-22 22:17:54', 2, 'نعم'),
(14, 'uploads/slider/2019-06-23-10-11-03.slider01.jpg', 'شركة مسك', 'العنوان الفرعى', 'المحتوى المحنتورى الب', '2019-06-23 19:11:03', '2019-06-23 19:11:03', 4, 'نعم'),
(15, 'uploads/slider/abaya02.jpg', 'hhhhhhhhh', 'hhhhhhhhhhhhhhhhhhhh', 'hhhhhhhhhhhhhhhhhhhhhhh', '2019-06-23 19:40:07', '2019-06-23 19:40:07', 4, 'نعم'),
(16, 'uploads/slider/2019-06-23-10-46-07.abaya02.jpg', 'hhhhhhhhh', 'nnnnnnnnnnnn', 'nnnnnnnnnnnnnnnnnnnn', '2019-06-23 19:46:08', '2019-06-23 19:46:08', 4, 'نعم');

-- --------------------------------------------------------

--
-- Table structure for table `users`
--

CREATE TABLE `users` (
  `id` int(11) NOT NULL,
  `name` varchar(255) NOT NULL,
  `mail` varchar(400) NOT NULL,
  `password` varchar(255) NOT NULL,
  `code` char(100) DEFAULT NULL,
  `Role` int(2) DEFAULT '0',
  `blocked` tinyint(5) NOT NULL DEFAULT '0',
  `remember_token` varchar(255) DEFAULT NULL,
  `email_validated_at` timestamp NULL DEFAULT NULL,
  `created_at` timestamp NULL DEFAULT NULL,
  `updated_at` timestamp NULL DEFAULT NULL,
  `gender` char(100) NOT NULL DEFAULT 'أنثى'
) ENGINE=InnoDB DEFAULT CHARSET=utf8;

--
-- Dumping data for table `users`
--

INSERT INTO `users` (`id`, `name`, `mail`, `password`, `code`, `Role`, `blocked`, `remember_token`, `email_validated_at`, `created_at`, `updated_at`, `gender`) VALUES
(34, 'data', 'data@gmail.com', '$2y$10$.NN2xRSeV5lcSDAxk43Xc./fiUWkJJ/1E9HPHHTF7Ea07RhoHDzAK', NULL, 0, 0, 'OrVLJXg36dHZ71T4OBhlzCdJDccKFMY7hNvG9MxoCk0pBy2aR7waaGXLWQyV', NULL, '2019-04-07 20:02:03', '2019-04-08 14:42:29', 'أنثى'),
(35, 'test', 'test@gmail.com', '$2y$10$B01w10r6RDmY2jIcLzyd0uZTUxUFGBlYeKL40bBlx6RIzG9860bcG', '530', 0, 0, NULL, NULL, '2019-04-07 21:11:31', '2019-04-07 21:11:31', 'أنثى'),
(36, 'غادة', 'ghada@gmail.com', '$2y$10$pbiZqp0Ok5XzdYx/1gv46.dInQga/4nImiW/kFmc.Rl6H885xH6O.', '1237', 1, 0, 'ML3GkrwJkAOXhf2ILJfIeIlAVWjAjNTAT9dTpGLrCPl8vbiWt33hW5xE4lfg', NULL, '2019-04-07 21:17:17', '2019-04-07 21:17:17', 'أنثى'),
(37, 'حسام', 'hosam@gmail.com', '$2y$10$ksqSkurDLQPA50qnIF8ZTOdPcPIbXuCL10dBu6xxyuYXF/A6kipFW', '7141', 0, 0, '8umFfofa3BxAbsxvXfaRBEEFiJDFw0jHdUbAdc5JF2boXZb8zbHv95G0c7Yx', NULL, '2019-04-07 21:23:47', '2019-04-07 21:23:47', 'أنثى'),
(38, 'fffff', 'fatma@gmail.com', '$2y$10$pzibgwW1FyHuhzZpEYB4ju/eqZH9iVA.SJyk8vnSHQIeB7SIiMSXu', '2612', 0, 0, NULL, NULL, '2019-04-07 21:28:29', '2019-06-23 11:22:17', 'أنثى'),
(39, 'سلمى', 'salma@gmail.com', '$2y$10$Ckdo8nSLD1vtKAKvqLMeR.vceTS36PTiPV8qNwu/1whO24/Xphjsa', '3914', 0, 0, 'Yp4tcLbqkiOzGu2UYQNNBoxz7edfstLlKTZdJlYc4V2QB73MvfJ5ZweQ7Wxp', NULL, '2019-04-07 21:31:03', '2019-04-07 21:31:03', 'أنثى'),
(40, 'توصيل 1', 'amal@gmail.com', '$2y$10$elNPMK/a3ietFRD.d/CMSupfjbn4UVxgt9f8tJCcH47ErPJBW3qUO', '5412', 2, 0, 'qU6OEomw7fnTrCgiKZngcoaJjQqJVyoV8eRQIkThoIOIaaRQbBDE3E88mCJx', NULL, '2019-04-07 21:33:59', '2019-04-07 21:33:59', 'أنثى'),
(41, 'توصيل2', 'qqq@gmail.com', '$2y$10$ImOSIaE.KU8ooYgSmew7t.Upd8Qv9TWIC8MX5XiyBcDQSqCuVD4Tu', '3531', 2, 0, 'jt13ta4ZydCsFJyrcu8UTMT1oJpEFWJLJpBQZfKnI1rK9aNCd4sBBo5T5mpp', NULL, '2019-04-07 21:40:47', '2019-04-07 21:40:47', 'أنثى');

--
-- Indexes for dumped tables
--

--
-- Indexes for table `carts`
--
ALTER TABLE `carts`
  ADD PRIMARY KEY (`id`),
  ADD KEY `modelNo` (`modelNo`,`code`),
  ADD KEY `user_id` (`user_id`),
  ADD KEY `carts_ibfk_2` (`code`,`modelNo`);

--
-- Indexes for table `categories`
--
ALTER TABLE `categories`
  ADD PRIMARY KEY (`categoryNo`);

--
-- Indexes for table `colors`
--
ALTER TABLE `colors`
  ADD PRIMARY KEY (`id`),
  ADD KEY `code` (`code`);

--
-- Indexes for table `favorites`
--
ALTER TABLE `favorites`
  ADD PRIMARY KEY (`userId`,`code`,`modelNo`),
  ADD KEY `m_no` (`modelNo`,`code`),
  ADD KEY `favorite_item_fk` (`code`,`modelNo`);

--
-- Indexes for table `feedbacks`
--
ALTER TABLE `feedbacks`
  ADD PRIMARY KEY (`feedbackId`),
  ADD KEY `code` (`code`),
  ADD KEY `memberId` (`memberId`);

--
-- Indexes for table `fqs`
--
ALTER TABLE `fqs`
  ADD PRIMARY KEY (`id`);

--
-- Indexes for table `imodels`
--
ALTER TABLE `imodels`
  ADD PRIMARY KEY (`modelNo`),
  ADD KEY `cat_no` (`categoryNo`),
  ADD KEY `cat_no_2` (`categoryNo`);

--
-- Indexes for table `invoices`
--
ALTER TABLE `invoices`
  ADD PRIMARY KEY (`invoiceNo`),
  ADD KEY `invoice_order_fk` (`orderNo`);

--
-- Indexes for table `itemimages`
--
ALTER TABLE `itemimages`
  ADD PRIMARY KEY (`imageId`),
  ADD KEY `codeModelNoFK` (`code`,`modelNo`);

--
-- Indexes for table `items`
--
ALTER TABLE `items`
  ADD PRIMARY KEY (`code`,`modelNo`),
  ADD KEY `modelNo` (`modelNo`);

--
-- Indexes for table `items_orders`
--
ALTER TABLE `items_orders`
  ADD PRIMARY KEY (`code`,`modelNo`,`orderNo`),
  ADD KEY `items_orders_order_fk` (`orderNo`);

--
-- Indexes for table `migrations`
--
ALTER TABLE `migrations`
  ADD PRIMARY KEY (`id`);

--
-- Indexes for table `names`
--
ALTER TABLE `names`
  ADD PRIMARY KEY (`nameId`);

--
-- Indexes for table `orders`
--
ALTER TABLE `orders`
  ADD PRIMARY KEY (`orderNo`),
  ADD KEY `user_id` (`user_id`,`cart_id`),
  ADD KEY `cart_id` (`cart_id`),
  ADD KEY `shipperNo` (`shipperNo`);

--
-- Indexes for table `sales`
--
ALTER TABLE `sales`
  ADD PRIMARY KEY (`saleNo`);

--
-- Indexes for table `settings`
--
ALTER TABLE `settings`
  ADD PRIMARY KEY (`settingId`);

--
-- Indexes for table `shippers`
--
ALTER TABLE `shippers`
  ADD PRIMARY KEY (`shipperNo`);

--
-- Indexes for table `shippinginfos`
--
ALTER TABLE `shippinginfos`
  ADD PRIMARY KEY (`infoNo`),
  ADD KEY `userId` (`userId`,`orderNo`),
  ADD KEY `orderNo` (`orderNo`);

--
-- Indexes for table `sizes`
--
ALTER TABLE `sizes`
  ADD PRIMARY KEY (`id`),
  ADD KEY `id_color` (`id_color`);

--
-- Indexes for table `sliders`
--
ALTER TABLE `sliders`
  ADD PRIMARY KEY (`sliderNo`);

--
-- Indexes for table `users`
--
ALTER TABLE `users`
  ADD PRIMARY KEY (`id`);

--
-- AUTO_INCREMENT for dumped tables
--

--
-- AUTO_INCREMENT for table `carts`
--
ALTER TABLE `carts`
  MODIFY `id` int(11) NOT NULL AUTO_INCREMENT, AUTO_INCREMENT=64;

--
-- AUTO_INCREMENT for table `categories`
--
ALTER TABLE `categories`
  MODIFY `categoryNo` int(4) NOT NULL AUTO_INCREMENT, AUTO_INCREMENT=20;

--
-- AUTO_INCREMENT for table `colors`
--
ALTER TABLE `colors`
  MODIFY `id` int(11) NOT NULL AUTO_INCREMENT, AUTO_INCREMENT=163;

--
-- AUTO_INCREMENT for table `feedbacks`
--
ALTER TABLE `feedbacks`
  MODIFY `feedbackId` int(11) NOT NULL AUTO_INCREMENT, AUTO_INCREMENT=130;

--
-- AUTO_INCREMENT for table `fqs`
--
ALTER TABLE `fqs`
  MODIFY `id` int(11) NOT NULL AUTO_INCREMENT, AUTO_INCREMENT=9;

--
-- AUTO_INCREMENT for table `imodels`
--
ALTER TABLE `imodels`
  MODIFY `modelNo` int(10) NOT NULL AUTO_INCREMENT, AUTO_INCREMENT=23;

--
-- AUTO_INCREMENT for table `itemimages`
--
ALTER TABLE `itemimages`
  MODIFY `imageId` int(11) NOT NULL AUTO_INCREMENT, AUTO_INCREMENT=66;

--
-- AUTO_INCREMENT for table `items`
--
ALTER TABLE `items`
  MODIFY `code` int(10) NOT NULL AUTO_INCREMENT, AUTO_INCREMENT=23;

--
-- AUTO_INCREMENT for table `migrations`
--
ALTER TABLE `migrations`
  MODIFY `id` int(10) UNSIGNED NOT NULL AUTO_INCREMENT;

--
-- AUTO_INCREMENT for table `names`
--
ALTER TABLE `names`
  MODIFY `nameId` int(5) NOT NULL AUTO_INCREMENT, AUTO_INCREMENT=17;

--
-- AUTO_INCREMENT for table `orders`
--
ALTER TABLE `orders`
  MODIFY `orderNo` int(11) NOT NULL AUTO_INCREMENT, AUTO_INCREMENT=106;

--
-- AUTO_INCREMENT for table `sales`
--
ALTER TABLE `sales`
  MODIFY `saleNo` int(10) NOT NULL AUTO_INCREMENT, AUTO_INCREMENT=25;

--
-- AUTO_INCREMENT for table `settings`
--
ALTER TABLE `settings`
  MODIFY `settingId` int(11) NOT NULL AUTO_INCREMENT, AUTO_INCREMENT=10;

--
-- AUTO_INCREMENT for table `shippers`
--
ALTER TABLE `shippers`
  MODIFY `shipperNo` int(10) NOT NULL AUTO_INCREMENT, AUTO_INCREMENT=2;

--
-- AUTO_INCREMENT for table `shippinginfos`
--
ALTER TABLE `shippinginfos`
  MODIFY `infoNo` int(11) NOT NULL AUTO_INCREMENT, AUTO_INCREMENT=88;

--
-- AUTO_INCREMENT for table `sizes`
--
ALTER TABLE `sizes`
  MODIFY `id` int(11) NOT NULL AUTO_INCREMENT, AUTO_INCREMENT=782;

--
-- AUTO_INCREMENT for table `sliders`
--
ALTER TABLE `sliders`
  MODIFY `sliderNo` int(11) NOT NULL AUTO_INCREMENT, AUTO_INCREMENT=17;

--
-- AUTO_INCREMENT for table `users`
--
ALTER TABLE `users`
  MODIFY `id` int(11) NOT NULL AUTO_INCREMENT, AUTO_INCREMENT=42;

--
-- Constraints for dumped tables
--

--
-- Constraints for table `carts`
--
ALTER TABLE `carts`
  ADD CONSTRAINT `carts_ibfk_1` FOREIGN KEY (`user_id`) REFERENCES `users` (`id`) ON DELETE CASCADE ON UPDATE CASCADE,
  ADD CONSTRAINT `carts_ibfk_2` FOREIGN KEY (`code`,`modelNo`) REFERENCES `items` (`code`, `modelNo`) ON DELETE CASCADE ON UPDATE CASCADE;

--
-- Constraints for table `colors`
--
ALTER TABLE `colors`
  ADD CONSTRAINT `colors_ibfk_1` FOREIGN KEY (`code`) REFERENCES `items` (`code`) ON DELETE CASCADE ON UPDATE CASCADE;

--
-- Constraints for table `favorites`
--
ALTER TABLE `favorites`
  ADD CONSTRAINT `favorite_item_fk` FOREIGN KEY (`code`,`modelNo`) REFERENCES `items` (`code`, `modelNo`) ON DELETE CASCADE ON UPDATE CASCADE,
  ADD CONSTRAINT `favorites_ibfk_1` FOREIGN KEY (`userId`) REFERENCES `users` (`id`) ON DELETE CASCADE ON UPDATE CASCADE;

--
-- Constraints for table `feedbacks`
--
ALTER TABLE `feedbacks`
  ADD CONSTRAINT `feedbacks_ibfk_1` FOREIGN KEY (`code`) REFERENCES `items` (`code`) ON DELETE CASCADE ON UPDATE CASCADE,
  ADD CONSTRAINT `feedbacks_ibfk_2` FOREIGN KEY (`memberId`) REFERENCES `users` (`id`) ON DELETE CASCADE ON UPDATE CASCADE;

--
-- Constraints for table `imodels`
--
ALTER TABLE `imodels`
  ADD CONSTRAINT `imodels_ibfk_1` FOREIGN KEY (`categoryNo`) REFERENCES `categories` (`categoryNo`) ON DELETE CASCADE ON UPDATE CASCADE;

--
-- Constraints for table `itemimages`
--
ALTER TABLE `itemimages`
  ADD CONSTRAINT `codeModelNoFK` FOREIGN KEY (`code`,`modelNo`) REFERENCES `items` (`code`, `modelNo`) ON DELETE CASCADE ON UPDATE CASCADE;

--
-- Constraints for table `items`
--
ALTER TABLE `items`
  ADD CONSTRAINT `items_ibfk_1` FOREIGN KEY (`modelNo`) REFERENCES `imodels` (`modelNo`) ON UPDATE CASCADE;

--
-- Constraints for table `orders`
--
ALTER TABLE `orders`
  ADD CONSTRAINT `orders_ibfk_1` FOREIGN KEY (`user_id`) REFERENCES `users` (`id`) ON DELETE CASCADE ON UPDATE CASCADE;

--
-- Constraints for table `shippinginfos`
--
ALTER TABLE `shippinginfos`
  ADD CONSTRAINT `shippinginfos_ibfk_1` FOREIGN KEY (`userId`) REFERENCES `users` (`id`) ON UPDATE CASCADE,
  ADD CONSTRAINT `shippinginfos_ibfk_2` FOREIGN KEY (`orderNo`) REFERENCES `orders` (`orderNo`) ON UPDATE CASCADE;

--
-- Constraints for table `sizes`
--
ALTER TABLE `sizes`
  ADD CONSTRAINT `sizes_ibfk_1` FOREIGN KEY (`id_color`) REFERENCES `colors` (`id`) ON DELETE CASCADE ON UPDATE CASCADE;
COMMIT;

/*!40101 SET CHARACTER_SET_CLIENT=@OLD_CHARACTER_SET_CLIENT */;
/*!40101 SET CHARACTER_SET_RESULTS=@OLD_CHARACTER_SET_RESULTS */;
/*!40101 SET COLLATION_CONNECTION=@OLD_COLLATION_CONNECTION */;
